Generation,Best Fitness,Average Fitness,Species Count
0,6714.3999999999905,181.57399999998816,1
0,4171.799999999997,599.4102619999983,1
